adviser_id,adviser_name,region,band,start_date,active,change_effective_date
ADV001,Noah Taylor,Wales,B,2021-11-22,Y,
ADV002,Ella Parker,South,C,2018-04-03,Y,
ADV003,Morgan Williams,Scotland,A,2023-03-07,Y,
ADV004,Luca Brown,Scotland,B,2021-12-26,Y,
ADV005,Mia Moore,Wales,B,2019-11-20,Y,
ADV006,Morgan King,South,B,2024-11-07,Y,
ADV007,Freya Jones,North,B,2019-04-25,Y,
ADV008,Jamie Clarke,South,B,2023-07-16,Y,
ADV009,Evie Williams,Midlands,B,2018-08-30,Y,
ADV010,Sophia Williams,Midlands,A,2020-06-12,Y,
ADV011,Erin Clarke,North,A,2021-03-23,Y,
ADV012,Morgan Carter,Wales,B,2019-06-14,Y,
ADV013,Mason Brown,North,B,2020-10-11,Y,
ADV014,Amelia Parker,Wales,B,2022-06-18,Y,
ADV015,Arthur Jones,North,C,2022-05-21,Y,
ADV016,Mason Moore,Scotland,B,2023-07-27,Y,
ADV017,Ella Jones,Midlands,A,2018-11-27,Y,
ADV018,Amelia Jones,Scotland,A,2019-11-13,Y,
ADV019,Erin Taylor,Wales,B,2023-01-14,Y,
ADV020,Jack Clarke,Wales,A,2022-07-04,Y,
ADV021,Cameron Wright,North,C,2024-02-29,Y,
ADV022,Chris Moore,North,C,2021-02-12,Y,
ADV023,Oliver Wright,North,C,2019-07-15,N,
ADV024,Olivia Brown,Scotland,B,2022-10-30,Y,
ADV025,Arthur Moore,North,C,2024-03-03,Y,
ADV026,Isla Harris,Midlands,A,2021-02-14,Y,
ADV027,Sam Wright,North,A,2022-08-29,Y,
ADV028,Casey Moore,South,B,2022-01-09,Y,
ADV029,Morgan Scott,Wales,B,2022-04-08,Y,
ADV030,Freya Young,South,B,2020-08-03,Y,
ADV031,Luca Clarke,Scotland,A,2019-09-11,Y,
ADV032,Noah Robinson,Scotland,A,2018-12-06,Y,
ADV033,Arthur Robinson,North,A,2019-12-23,Y,
ADV034,Mia Green,Scotland,A,2019-09-12,Y,
ADV035,Sophia Turner,North,A,2020-08-08,Y,
ADV036,Olivia Cook,South,B,2025-05-21,Y,
ADV037,Sophia Williams,North,B,2020-08-13,Y,
ADV038,Mason Green,North,B,2018-02-19,Y,
ADV039,Max Young,Wales,B,2023-06-10,Y,
ADV040,Charlie Bailey,Wales,B,2024-08-10,Y,
ADV041,Leo Green,Wales,B,2020-01-17,Y,
ADV042,Casey Brown,Midlands,B,2020-12-12,Y,
ADV043,Hugo Clarke,South,C,2021-02-28,Y,
ADV044,Ava Ward,Scotland,B,2018-01-17,Y,
ADV045,Charlie Taylor,North,C,2019-08-20,Y,
ADV046,Thea Clarke,Wales,C,2022-09-13,Y,
ADV047,Taylor Bell,North,A,2023-12-30,Y,
ADV048,Casey Ward,Wales,C,2022-02-21,Y,
ADV049,Erin Moore,Scotland,A,2024-11-02,Y,
ADV050,Noah Walker,South,B,2024-05-08,Y,
ADV051,George Scott,Scotland,B,2021-07-29,Y,
ADV052,Thea Moore,Scotland,B,2019-05-30,Y,
ADV053,Jacob Williams,Scotland,A,2023-10-13,N,
ADV054,Jamie Hall,South,B,2024-12-04,Y,
ADV055,Oscar Cook,Scotland,A,2025-05-06,Y,
ADV056,Casey Jones,Scotland,B,2018-08-10,Y,
ADV057,Oliver Parker,Wales,C,2023-02-14,Y,
ADV058,Mason Bell,Scotland,B,2024-04-09,Y,
ADV059,Leo Green,South,B,2022-05-27,Y,
ADV060,Poppy Bell,Scotland,B,2022-06-19,Y,
ADV026,Isla M. Harris,Midlands,A,2021-02-14,Y,
ADV007,Freya B. Jones,North,B,2019-04-25,Y,
ADV031,Luca G. Clarke,Scotland,A,2019-09-11,Y,
ADV041,Leo C. Green,Wales,B,2020-01-17,Y,
ADV014,Amelia Parker,North,B,2022-06-18,Y,2025-02-22
ADV029,Morgan Scott,North,B,2022-04-08,Y,2025-10-18
ADV011,Erin Clarke,Midlands,A,2021-03-23,Y,2025-10-02
ADV008,Jamie Clarke,North,B,2023-07-16,Y,2025-07-06
ADV022,Chris Moore,South,C,2021-02-12,Y,2025-02-06
ADV039,Max Young,South,B,2023-06-10,Y,2025-11-11
